Business Name,Phone,Website,Address
A to Z Plumbing & Drainage Services Pty Ltd,0480 023 046,http://www.atozplumbing.com.au,"Plumbers & Gas Fitters, Campbelltown, NSW 2560"
Aussie Plumbing Services,(02) 9191 0865,https://www.aussieelectricalandplumbing.com.au/?utm_source=Yellow%20Online&utm_medium=Directory&utm_campaign=Website%20Link&utm_content=PLUMBING,"Plumbers & Gas Fitters, Campbelltown, NSW 2560"
Royal Flow Plumbing Pty Ltd,0499 986 698,http://www.royalflowplumbing.com.au,"Plumbers & Gas Fitters, Minto, NSW 2566"
Seniors Plumbing Services,0418 526 557,https://www.seniorsplumbingservice.com.au,"Plumbers & Gas Fitters, Campbelltown, NSW 2560"
A.B. & T.B. Plumbing,(02) 4625 1360,https://www.abandtbplumbing.com.au,"Plumbers & Gas Fitters, Campbelltown, NSW 2560"
Pipeworks Plumbing & Draining Pty Ltd,0417 018 127,http://www.pipeworksplumbing.com.au,"Plumbers & Gas Fitters, Coalcliff, NSW 2508"
Total Alcott Plumbing Pty Ltd,(02) 9603 5735,https://totalalcottplumbing.com.au,"Plumbers & Gas Fitters, Minto, NSW 2566"
Active Plumbing,1300 651 965,http://www.activeplumbing.com.au,"Plumbers & Gas Fitters, Eagle Vale, NSW 2558"
Newman & Barker,(02) 4625 5409,http://www.newmanbarker.com.au,"Plumbers & Gas Fitters, Campbelltown, NSW 2560"
Dad & Dave's Plumbing Services,(02) 4628 1516,http://www.dadanddavesplumbing.com.au,"Plumbers & Gas Fitters, Campbelltown, NSW 2560"
Murphie Plumbing & Civil,(02) 4647 4834,https://murphieplumbing.com.au,"Plumbers & Gas Fitters, Mt Annan, NSW 2567"
Australian Hot Water,(02) 4625 0094,http://australianhotwater.com.au,"Plumbers & Gas Fitters, Leumeah, NSW 2560"
Abzolute Plumbing,0434 676 222,http://www.abzoluteplumbing.com.au,"Plumbers & Gas Fitters, Campbelltown, NSW 2560"
Browne & Taylor Plumbing Services,0401 154 532,N/A,"Plumbers & Gas Fitters, Glen Alpine, NSW 2560"
CRG Plumbing,0438 517 552,http://www.crgplumbing.com.au,"Plumbers & Gas Fitters, Campbelltown, NSW 2560"
KNA Plumbing,(02) 9603 2628,http://www.knaplumbing.com.au/2101.html,"Plumbers & Gas Fitters, Leumeah, NSW 2560"
Ingleburn Plumbing Service,0407 499 884,N/A,"Plumbers & Gas Fitters, Ingleburn, NSW 2565"
AGL Thermo Hydraulic services,0414 693 155,N/A,"Plumbers & Gas Fitters, Denham Court, NSW 2565"
Macarthur Hot Water and Plumbing,0431 308 073,N/A,"Plumbers & Gas Fitters, Ambarvale, NSW 2560"
Adam J Watson Plumbing,0417 819 119,N/A,"Plumbers & Gas Fitters, Glen Alpine, NSW 2560"
On Call Plumbing Solutions Pty Ltd,0430 696 913,https://www.facebook.com/pg/oncallplumbingsolutions,"Plumbers & Gas Fitters, Campbelltown, NSW 2560"
Plumber Campbelltown,0438 277 468,http://www.plumbercampbelltown.com.au,"Plumbers & Gas Fitters, Ruse, NSW 2560"
New Era Plumbing,0405 196 251,http://www.neweraplumbing.com.au,"Plumbers & Gas Fitters, Raby, NSW 2566"
Bow Bowing Plumbing,0401 790 211,http://www.bowbowingplumbing.com.au,"Plumbers & Gas Fitters, Minto, NSW 2566"
Greater Western Plumbing,0420 802 417,N/A,"Plumbers & Gas Fitters, Gregory Hills, NSW 2557"
Trumble Plumbing,0424 033 352,http://www.trumbleplumbing.com.au,"Plumbers & Gas Fitters, Holsworthy, NSW 2173"
Hydratech Plumbing Solutions,0488 256 557,http://www.hydratechplumbing.com.au,"Plumbers & Gas Fitters, Holsworthy, NSW 2173"
Silver Star Plumbing,0404 899 803,N/A,"Plumbers & Gas Fitters, Campbelltown, NSW 2560"
AAY Plumbing Services pty Ltd,0439 459 874,N/A,"Plumbers & Gas Fitters, Macquarie Fields, NSW 2564"
Advanced Plumbing & Hot Water,(02) 4628 8686,http://www.advancedplumbing.net.au,"Plumbers & Gas Fitters, Campbelltown, NSW 2560"
RE Quality plumbing,0468 342 651,N/A,"Plumbers & Gas Fitters, Campbelltown, NSW 2560"
South West Sydney Plumbing Services,0422 640 369,N/A,"Plumbers & Gas Fitters, Bradbury, NSW 2560"
Dennis The Plumber Pty Ltd,0409 117 706,N/A,"Plumbers & Gas Fitters, Bradbury, NSW 2560"
Betterflo Plumbing & Drainage,0404 008 634,https://www.facebook.com/Betterfloplumbing,"Plumbers & Gas Fitters, Woodbine, NSW 2560"
Mark Clouten Plumbing,0438 277 468,N/A,"Plumbers & Gas Fitters, Ruse, NSW 2560"
Ashcroft Enterprises,0404 070 923,N/A,"Plumbers & Gas Fitters, Ruse, NSW 2560"
Taylor'd Plumbing Solutions,0417 062 819,N/A,"Plumbers & Gas Fitters, Glen Alpine, NSW 2560"
PACIFIC WESTERN PTY LTD,0400 015 058,N/A,"Plumbers & Gas Fitters, Ruse, NSW 2560"
Md Ruhul Amin,0449 556 558,N/A,"Plumbers & Gas Fitters, Leumeah, NSW 2560"
Pipelink Plumbing Solutions,0450 016 136,N/A,"Plumbers & Gas Fitters, Campbelltown, NSW 2560"
Reece Ltd,(02) 4621 9210,N/A,"Plumbers & Gas Fitters, Campbelltown, NSW 2560"
Pronto Plumbing Services,0414 556 524,N/A,"Plumbers & Gas Fitters, St Andrews, NSW 2566"
Mirca Plumbing Pty Ltd,0402 875 964,N/A,"Plumbers & Gas Fitters, Ingleburn, NSW 2565"
Bromic Plumbing & Gas,(02) 9426 5222,https://www.bromic.com/plumbing,"Plumbers & Gas Fitters, Ingleburn, NSW 2565"
All Styles Plumbing Services Pty.Ltd.,(02) 9605 2248,N/A,"Plumbers & Gas Fitters, Macquarie Links, NSW 2565"
Tactical plumbing,0426 600 858,N/A,"Plumbers & Gas Fitters, Macquarie Fields, NSW 2564"
Flush Master Plumbing - Express and Emergency Plumber,0424 201 483,N/A,"Plumbers & Gas Fitters, Macquarie Fields, NSW 2564"
R M E Plumbing,(02) 4647 4617,N/A,"Plumbers & Gas Fitters, Mt Annan, NSW 2567"
Sydneys Plumbing King,0430 352 221,N/A,"Plumbers & Gas Fitters, Mt Annan, NSW 2567"
AA & A To Z Plumbing & Drainage,(02) 4626 5491,N/A,"Plumbers & Gas Fitters, Campbelltown, NSW 2560"
5 Star Plumbing Solutions Pty Ltd,0451 533 532,N/A,"Plumbers & Gas Fitters, Holsworthy, NSW 2173"
Mr Poo Plumbing Works,0417 271 270,N/A,"Plumbers & Gas Fitters, Ingleburn, NSW 2565"
Advanced Building & Plumbing,0404 947 288,N/A,"Plumbers & Gas Fitters, Campbelltown, NSW 2560"
Australia Plumbing,1300 667 678,N/A,"Plumbers & Gas Fitters, Campbelltown, NSW 2560"
A.1 AA All Direct Plumbing,(02) 4628 7279,N/A,"Plumbers & Gas Fitters, Campbelltown, NSW 2560"
Global Way Plumbing,0431 728 640,N/A,"Plumbers & Gas Fitters, Leumeah, NSW 2560"
Tweedie D & R,(02) 4628 6009,N/A,"Plumbers & Gas Fitters, Leumeah, NSW 2560"
L & M Butterfield Plumbers,(02) 4628 4747,N/A,"Plumbers & Gas Fitters, Ambarvale, NSW 2560"
Harry's Plumbing Service,(02) 4625 6891,N/A,"Plumbers & Gas Fitters, Ruse, NSW 2560"
Bells Plumbing Pty Ltd,0412 494 742,N/A,"Plumbers & Gas Fitters, Leumeah, NSW 2560"
Outstanding Pipes Plumbing & Drainage,0448 940 386,N/A,"Plumbers & Gas Fitters, Leumeah, NSW 2560"
Crook Bros Plumbing,0414 860 066,N/A,"Plumbers & Gas Fitters, Glen Alpine, NSW 2560"
Tweedie's Plumbing,0412 415 906,N/A,"Plumbers & Gas Fitters, Leumeah, NSW 2560"
Pohl's Plumbing & Drainage,0407 206 750,N/A,"Plumbers & Gas Fitters, Leumeah, NSW 2560"
Mr Plumbing & Gas,0432 384 334,N/A,"Plumbers & Gas Fitters, Campbelltown, NSW 2560"
Impala Plumbing,0408 662 306,N/A,"Plumbers & Gas Fitters, Eschol Park, NSW 2558"
Plumb By Precision,0479 075 862,N/A,"Plumbers & Gas Fitters, Mt Annan, NSW 2567"
James Complete Plumbing,(02) 9824 8139,N/A,"Plumbers & Gas Fitters, Raby, NSW 2566"
Cookies Plumbing Services,0416 153 661,N/A,"Plumbers & Gas Fitters, Kearns, NSW 2558"
Glenn Murphie Plumbing,(02) 4647 4834,N/A,"Plumbers & Gas Fitters, Mt Annan, NSW 2567"
PRIME FLOW PLUMBING PTY LTD,0402 834 377,N/A,"Plumbers & Gas Fitters, St Andrews, NSW 2566"
Aussie Hot Water Services,(02) 9191 0868,http://www.aussieelectricalandplumbing.com.au,"Hot Water Systems, Campbelltown, NSW 2560"
Harvey Norman Emergency Hot Water Solutions,(02) 4243 3618,https://www.harveynorman.com.au/replacement-hot-water,"Hot Water Systems, Helensburgh, NSW 2508"
ND & SD Plumbing,0414 090 005,N/A,"Plumbers & Gas Fitters, Gregory Hills, NSW 2557"
Electricity C C,(02) 9820 2103,N/A,"Plumbers & Gas Fitters, Minto, NSW 2566"
Allan's Plumbing & Drainage Services,0408 213 877,N/A,"Plumbers & Gas Fitters, Minto Heights, NSW 2566"
Dave's Local Plumbing Services,(02) 9605 7416,N/A,"Plumbers & Gas Fitters, Ingleburn, NSW 2565"
Joseph Plumbing Pty Ltd,0400 991 822,N/A,"Plumbers & Gas Fitters, Ingleburn, NSW 2565"
Classic Plumbing Services,0417 247 747,N/A,"Plumbers & Gas Fitters, Macquarie Links, NSW 2565"
Wattle Grove Plumbing,0412 223 304,N/A,"Plumbers & Gas Fitters, Macquarie Links, NSW 2565"
Brimar Plumbing Pty Ltd,0418 972 714,N/A,"Plumbers & Gas Fitters, Glenfield, NSW 2167"
SMART CHOICE PLUMBING GROUP,0450 013 005,N/A,"Plumbers & Gas Fitters, Raby, NSW 2566"
Process Systems Services Pty Ltd,(02) 9618 7366,N/A,"Plumbers & Gas Fitters, Ingleburn, NSW 2565"
Plumbers Supplies Cooperative,(02) 4628 7289,http://www.pscoop.com.au,"Plumbing Supplies, Campbelltown, NSW 2560"
Dover Industries Australia Pty. Ltd.,(02) 9603 1771,http://www.doverindustries.com.au,"Plumbing Supplies, Minto, NSW 2566"
Tradelink Campbelltown,(02) 4726 4840,N/A,"Plumbing Supplies, Leumeah, NSW 2560"
K M Roofing Pty Ltd,0419 016 575,http://www.kmroofing.com.au,"Roof Restoration & Repairs, Campbelltown, NSW 2560"
